Top 3 Categories,Top 3 Categories, ,Avg rating by Country,Avg rating by Country
Category,average_rating, ,Country,average_rating
Beach,3.0722845691382763,,Brazil,3.0741666666666667
Adventure,3.008804243008679,,Australia,3.019602409638554
Historical,3.003138832997988,,Egypt,3.024298245614035
,,,China,2.958647642679901
,,,France,3.0302683780630106
,,,India,2.973158482142857
,,,USA,2.984304245283019
